{
    "appliances": {
        "applianceSize": "compact",
        "appliances": [
            {
                "configuredDataStore": {
                    "id": "datastore-26",
                    "isValid": true,
                    "name": "XIO-2"
                },
                "configuredResourcePool": {
                    "id": "resgroup-60",
                    "isValid": true,
                    "name": "NEI"
                },
                "cpuReservation": {
                    "reservation": 1000
                },
                "customFields": [],
                "datastoreId": "datastore-26",
                "datastoreName": "XIO-2",
                "deployed": true,
                "edgeId": "edge-9",
                "highAvailabilityIndex": 0,
                "hostId": "host-41",
                "hostName": "10.244.155.23",
                "memoryReservation": {
                    "reservation": 512
                },
                "resourcePoolId": "resgroup-60",
                "resourcePoolName": "NEI",
                "vcUuid": "503c31d8-19a1-7526-7659-25a2454c4d89",
                "vmFolderId": "group-v3",
                "vmFolderName": "vm",
                "vmHostname": "NSX-edge-9-0",
                "vmId": "vm-243",
                "vmName": "INFRA_155-TO-PRIVATE-B-0"
            }
        ],
        "deployAppliances": true
    },
    "autoConfiguration": {
        "enabled": true,
        "rulePriority": "high"
    },
    "cliSettings": {
        "passwordExpiry": "99999",
        "remoteAccess": true,
        "sshLoginBannerText": "\n***************************************************************************\nNOTICE TO USERS\n\n\nThis computer system is the private property of its owner, whether\nindividual, corporate or government.  It is for authorized use only.\nUsers (authorized or unauthorized) have no explicit or implicit\nexpectation of privacy.\n\nAny or all uses of this system and all files on this system may be\nintercepted, monitored, recorded, copied, audited, inspected, and\ndisclosed to your employer, to authorized site, government, and law\nenforcement personnel, as well as authorized officials of government\nagencies, both domestic and foreign.\n\nBy using this system, the user consents to such interception, monitoring,\nrecording, copying, auditing, inspection, and disclosure at the\ndiscretion of such personnel or officials.  Unauthorized or improper use\nof this system may result in civil and criminal penalties and\nadministrative or disciplinary action, as appropriate. By continuing to\nuse this system you indicate your awareness of and consent to these terms\nand conditions of use. LOG OFF IMMEDIATELY if you do not agree to the\nconditions stated in this warning.\n\n****************************************************************************",
        "userName": "admin"
    },
    "datacenterMoid": "datacenter-2",
    "datacenterName": "EHC1",
    "enableAesni": true,
    "enableFips": false,
    "featureConfigs": {
        "features": [
            {
                "enabled": false,
                "featureType": "l2vpn",
                "logging": {
                    "enable": true,
                    "logLevel": "notice"
                },
                "version": 6
            },
            {
                "featureType": "FeatureConfigDto"
            },
            {
                "defaultPolicy": {
                    "action": "accept",
                    "loggingEnabled": false
                },
                "enabled": true,
                "featureType": "firewall_4.0",
                "firewallRules": {
                    "firewallRules": [
                        {
                            "action": "accept",
                            "description": "firewall",
                            "enabled": true,
                            "loggingEnabled": false,
                            "name": "firewall",
                            "ruleId": 131075,
                            "ruleTag": 131075,
                            "ruleType": "internal_high",
                            "source": {
                                "exclude": false,
                                "groupingObjectId": [],
                                "ipAddress": [],
                                "vnicGroupId": [
                                    "vse"
                                ]
                            }
                        },
                        {
                            "action": "accept",
                            "description": "default rule for ingress traffic",
                            "enabled": true,
                            "loggingEnabled": false,
                            "name": "default rule for ingress traffic",
                            "ruleId": 131073,
                            "ruleTag": 131073,
                            "ruleType": "default_policy"
                        }
                    ]
                },
                "globalConfig": {
                    "dropInvalidTraffic": true,
                    "enableSynFloodProtection": false,
                    "icmp6Timeout": 10,
                    "icmpTimeout": 10,
                    "ipGenericTimeout": 120,
                    "logInvalidTraffic": false,
                    "tcpAllowOutOfWindowPackets": false,
                    "tcpPickOngoingConnections": false,
                    "tcpSendResetForClosedVsePorts": true,
                    "tcpTimeoutClose": 30,
                    "tcpTimeoutEstablished": 21600,
                    "tcpTimeoutOpen": 30,
                    "udpTimeout": 60
                },
                "version": 4
            },
            {
                "advancedConfig": {
                    "clientNotification": "",
                    "enableCompression": false,
                    "enablePublicUrlAccess": false,
                    "forceVirtualKeyboard": false,
                    "preventMultipleLogon": false,
                    "randomizeVirtualkeys": false,
                    "timeout": {
                        "forcedTimeout": 0,
                        "sessionIdleTimeout": 10
                    }
                },
                "authenticationConfiguration": {
                    "passwordAuthentication": {
                        "authenticationTimeout": 1,
                        "primaryAuthServers": {},
                        "secondaryAuthServer": {}
                    }
                },
                "clientConfiguration": {
                    "autoReconnect": true,
                    "upgradeNotification": false
                },
                "enabled": false,
                "featureType": "sslvpn_4.0",
                "layoutConfigurationDto": {
                    "bodyColor": "FFFFFF",
                    "companyName": "VMware",
                    "logoBackgroundColor": "56A2D4",
                    "logoExtention": "jpg",
                    "logoUri": "/api/4.0/edges/edge-9/sslvpn/config/layout/images/portallogo",
                    "menuBarColor": "999999",
                    "portalTitle": "VMware",
                    "rowAlternativeColor": "FFFFFF",
                    "rowColor": "F5F5F5",
                    "titleColor": "996600",
                    "topFrameColor": "000000"
                },
                "logging": {
                    "enable": true,
                    "logLevel": "notice"
                },
                "version": 6
            },
            {
                "cacheSize": 16,
                "dnsViews": {
                    "dnsView": [
                        {
                            "enabled": true,
                            "name": "vsm-default-view",
                            "recursion": false,
                            "viewId": "view-0",
                            "viewMatch": {
                                "ipAddress": [
                                    "any"
                                ],
                                "ipSet": [],
                                "vnic": [
                                    "any"
                                ]
                            }
                        }
                    ]
                },
                "enabled": false,
                "featureType": "dns",
                "listeners": {
                    "type": "dhs_listener",
                    "vnic": [
                        "any"
                    ]
                },
                "logging": {
                    "enable": false,
                    "logLevel": "info"
                },
                "version": 6
            },
            {
                "enabled": true,
                "featureType": "routing_4.0",
                "ospf": {
                    "defaultOriginate": false,
                    "enabled": false,
                    "gracefulRestart": true,
                    "ospfAreas": {
                        "ospfAreas": [
                            {
                                "areaId": 51,
                                "authentication": {
                                    "type": "none"
                                },
                                "type": "nssa"
                            },
                            {
                                "areaId": 0,
                                "authentication": {
                                    "type": "none"
                                },
                                "type": "normal"
                            }
                        ]
                    },
                    "ospfInterfaces": {
                        "ospfInterfaces": []
                    },
                    "redistribution": {
                        "enabled": false,
                        "rules": {
                            "rules": []
                        }
                    }
                },
                "routingGlobalConfig": {
                    "ecmp": false,
                    "logging": {
                        "enable": false,
                        "logLevel": "info"
                    },
                    "routerId": "10.244.155.253"
                },
                "staticRouting": {
                    "defaultRoute": {
                        "adminDistance": 1,
                        "gatewayAddress": "10.244.155.1",
                        "mtu": 1500,
                        "vnic": "0"
                    },
                    "staticRoutes": {
                        "staticRoutes": [
                            {
                                "adminDistance": 1,
                                "description": "",
                                "mtu": 1500,
                                "network": "10.244.200.0/24",
                                "nextHop": "10.244.201.1",
                                "type": "user",
                                "vnic": "1"
                            },
                            {
                                "adminDistance": 1,
                                "description": "",
                                "mtu": 1500,
                                "network": "10.244.202.0/24",
                                "nextHop": "10.244.201.1",
                                "type": "user",
                                "vnic": "1"
                            },
                            {
                                "adminDistance": 1,
                                "description": "",
                                "mtu": 1500,
                                "network": "10.244.203.0/24",
                                "nextHop": "10.244.201.1",
                                "type": "user",
                                "vnic": "1"
                            },
                            {
                                "adminDistance": 1,
                                "description": "",
                                "mtu": 1500,
                                "network": "10.244.204.0/24",
                                "nextHop": "10.244.201.1",
                                "type": "user",
                                "vnic": "1"
                            },
                            {
                                "adminDistance": 1,
                                "description": "",
                                "mtu": 1500,
                                "network": "172.21.0.0/16",
                                "nextHop": "10.244.201.1",
                                "type": "user",
                                "vnic": "1"
                            }
                        ]
                    }
                },
                "version": 21
            },
            {
                "declareDeadTime": 6,
                "enabled": false,
                "featureType": "highavailability_4.0",
                "logging": {
                    "enable": false,
                    "logLevel": "info"
                },
                "security": {
                    "enabled": false
                },
                "version": 6
            },
            {
                "enabled": false,
                "featureType": "syslog",
                "version": 1
            },
            {
                "featureType": "FeatureConfigDto"
            },
            {
                "accelerationEnabled": false,
                "applicationProfile": [],
                "applicationRule": [],
                "enableServiceInsertion": false,
                "enabled": false,
                "featureType": "loadbalancer_4.0",
                "logging": {
                    "enable": false,
                    "logLevel": "info"
                },
                "monitor": [
                    {
                        "interval": 5,
                        "maxRetries": 3,
                        "monitorId": "monitor-1",
                        "name": "default_tcp_monitor",
                        "timeout": 15,
                        "type": "tcp"
                    },
                    {
                        "interval": 5,
                        "maxRetries": 3,
                        "method": "GET",
                        "monitorId": "monitor-2",
                        "name": "default_http_monitor",
                        "timeout": 15,
                        "type": "http",
                        "url": "/"
                    },
                    {
                        "interval": 5,
                        "maxRetries": 3,
                        "method": "GET",
                        "monitorId": "monitor-3",
                        "name": "default_https_monitor",
                        "timeout": 15,
                        "type": "https",
                        "url": "/"
                    }
                ],
                "pool": [],
                "version": 1,
                "virtualServer": []
            },
            {
                "enabled": false,
                "featureType": "gslb",
                "logging": {
                    "enable": false,
                    "logLevel": "info"
                },
                "version": 1
            },
            {
                "enabled": false,
                "featureType": "ipsec_4.0",
                "global": {
                    "caCertificates": {
                        "caCertificate": []
                    },
                    "crlCertificates": {
                        "crlCertificate": []
                    },
                    "psk": "******"
                },
                "logging": {
                    "enable": true,
                    "logLevel": "warning"
                },
                "sites": {
                    "sites": []
                },
                "version": 1
            },
            {
                "enabled": false,
                "featureType": "dhcp_4.0",
                "ipPools": {
                    "ipPools": []
                },
                "logging": {
                    "enable": false,
                    "logLevel": "info"
                },
                "staticBindings": {
                    "staticBindings": []
                },
                "version": 6
            },
            {
                "bridges": [],
                "enabled": false,
                "featureType": "bridging",
                "version": 6
            },
            {
                "enabled": true,
                "featureType": "nat",
                "rules": {
                    "natRulesDtos": [
                        {
                            "action": "dnat",
                            "description": "",
                            "enabled": true,
                            "loggingEnabled": false,
                            "originalAddress": "10.244.155.250",
                            "originalPort": "any",
                            "protocol": "any",
                            "ruleId": 196610,
                            "ruleTag": 196610,
                            "ruleType": "user",
                            "translatedAddress": "172.21.0.120",
                            "translatedPort": "any",
                            "vnic": "0"
                        },
                        {
                            "action": "snat",
                            "description": "",
                            "enabled": true,
                            "loggingEnabled": false,
                            "originalAddress": "10.252.0.0/16",
                            "originalPort": "any",
                            "protocol": "any",
                            "ruleId": 196611,
                            "ruleTag": 196611,
                            "ruleType": "user",
                            "translatedAddress": "10.244.155.250",
                            "translatedPort": "any",
                            "vnic": "1"
                        }
                    ]
                },
                "version": 15
            },
            {
                "featureType": "FeatureConfigDto"
            }
        ]
    },
    "fqdn": "NSX-edge-9",
    "hypervisorAssist": false,
    "id": "edge-9",
    "isUniversal": false,
    "name": "INFRA_155-TO-PRIVATE-B",
    "queryDaemon": {
        "enabled": false,
        "port": "5666"
    },
    "status": "deployed",
    "tenant": "default",
    "type": "gatewayServices",
    "version": 24,
    "vnics": {
        "vnics": [
            {
                "addressGroups": {
                    "addressGroups": [
                        {
                            "primaryAddress": "10.244.155.253",
                            "secondaryAddresses": {
                                "ipAddress": [
                                    "10.244.155.250"
                                ],
                                "type": "secondary_addresses"
                            },
                            "subnetMask": "255.255.255.0",
                            "subnetPrefixLength": "24"
                        }
                    ]
                },
                "enableProxyArp": false,
                "enableSendRedirects": false,
                "fenceParameters": [],
                "index": 0,
                "isConnected": true,
                "label": "vNic_0",
                "mtu": 1500,
                "name": "UPLINK",
                "portgroupId": "dvportgroup-97",
                "portgroupName": "DPortGroup_Core",
                "type": "uplink"
            },
            {
                "addressGroups": {
                    "addressGroups": [
                        {
                            "primaryAddress": "10.244.201.253",
                            "subnetMask": "255.255.255.0",
                            "subnetPrefixLength": "24"
                        }
                    ]
                },
                "enableProxyArp": false,
                "enableSendRedirects": false,
                "fenceParameters": [],
                "index": 1,
                "isConnected": true,
                "label": "vNic_1",
                "mtu": 1500,
                "name": "INTERNAL_VLAN_201",
                "portgroupId": "dvportgroup-145",
                "portgroupName": "EXT_VLAN_201a",
                "type": "internal"
            },
            {
                "addressGroups": {
                    "addressGroups": []
                },
                "enableProxyArp": false,
                "enableSendRedirects": true,
                "fenceParameters": [],
                "index": 2,
                "isConnected": false,
                "label": "vNic_2",
                "mtu": 1500,
                "name": "vnic2",
                "type": "internal"
            },
            {
                "addressGroups": {
                    "addressGroups": []
                },
                "enableProxyArp": false,
                "enableSendRedirects": true,
                "fenceParameters": [],
                "index": 3,
                "isConnected": false,
                "label": "vNic_3",
                "mtu": 1500,
                "name": "vnic3",
                "type": "internal"
            },
            {
                "addressGroups": {
                    "addressGroups": []
                },
                "enableProxyArp": false,
                "enableSendRedirects": true,
                "fenceParameters": [],
                "index": 4,
                "isConnected": false,
                "label": "vNic_4",
                "mtu": 1500,
                "name": "vnic4",
                "type": "internal"
            },
            {
                "addressGroups": {
                    "addressGroups": []
                },
                "enableProxyArp": false,
                "enableSendRedirects": true,
                "fenceParameters": [],
                "index": 5,
                "isConnected": false,
                "label": "vNic_5",
                "mtu": 1500,
                "name": "vnic5",
                "type": "internal"
            },
            {
                "addressGroups": {
                    "addressGroups": []
                },
                "enableProxyArp": false,
                "enableSendRedirects": true,
                "fenceParameters": [],
                "index": 6,
                "isConnected": false,
                "label": "vNic_6",
                "mtu": 1500,
                "name": "vnic6",
                "type": "internal"
            },
            {
                "addressGroups": {
                    "addressGroups": []
                },
                "enableProxyArp": false,
                "enableSendRedirects": true,
                "fenceParameters": [],
                "index": 7,
                "isConnected": false,
                "label": "vNic_7",
                "mtu": 1500,
                "name": "vnic7",
                "type": "internal"
            },
            {
                "addressGroups": {
                    "addressGroups": []
                },
                "enableProxyArp": false,
                "enableSendRedirects": true,
                "fenceParameters": [],
                "index": 8,
                "isConnected": false,
                "label": "vNic_8",
                "mtu": 1500,
                "name": "vnic8",
                "type": "internal"
            },
            {
                "addressGroups": {
                    "addressGroups": []
                },
                "enableProxyArp": false,
                "enableSendRedirects": true,
                "fenceParameters": [],
                "index": 9,
                "isConnected": false,
                "label": "vNic_9",
                "mtu": 1500,
                "name": "vnic9",
                "type": "internal"
            }
        ]
    },
    "vseLogLevel": "emergency"
}