{
    "appliances": {
        "applianceSize": "large",
        "appliances": [
            {
                "configuredDataStore": {
                    "id": "datastore-26",
                    "isValid": true,
                    "name": "XIO-2"
                },
                "configuredHost": {
                    "id": "host-49",
                    "isValid": true,
                    "name": "10.244.155.24"
                },
                "configuredResourcePool": {
                    "id": "resgroup-59",
                    "isValid": true,
                    "name": "Automation"
                },
                "configuredVmFolder": {
                    "id": "group-v3",
                    "isValid": true,
                    "name": "vm"
                },
                "cpuReservation": {
                    "reservation": 2000
                },
                "customFields": [],
                "datastoreId": "datastore-26",
                "datastoreName": "XIO-2",
                "deployed": true,
                "edgeId": "edge-8",
                "highAvailabilityIndex": 0,
                "hostId": "host-49",
                "hostName": "10.244.155.24",
                "memoryReservation": {
                    "reservation": 1024
                },
                "resourcePoolId": "resgroup-59",
                "resourcePoolName": "Automation",
                "vcUuid": "503c2785-816a-86e7-2808-d0826d754690",
                "vmFolderId": "group-v3",
                "vmFolderName": "vm",
                "vmHostname": "autolb.ehc1.lab-0",
                "vmId": "vm-241",
                "vmName": "autolb.ehc1.lab-0"
            },
            {
                "configuredDataStore": {
                    "id": "datastore-26",
                    "isValid": true,
                    "name": "XIO-2"
                },
                "configuredHost": {
                    "id": "host-41",
                    "isValid": true,
                    "name": "10.244.155.23"
                },
                "configuredResourcePool": {
                    "id": "resgroup-59",
                    "isValid": true,
                    "name": "Automation"
                },
                "configuredVmFolder": {
                    "id": "group-v3",
                    "isValid": true,
                    "name": "vm"
                },
                "cpuReservation": {
                    "reservation": 2000
                },
                "customFields": [],
                "datastoreId": "datastore-26",
                "datastoreName": "XIO-2",
                "deployed": true,
                "edgeId": "edge-8",
                "highAvailabilityIndex": 1,
                "hostId": "host-41",
                "hostName": "10.244.155.23",
                "memoryReservation": {
                    "reservation": 1024
                },
                "resourcePoolId": "resgroup-59",
                "resourcePoolName": "Automation",
                "vcUuid": "503c0b19-ea7b-eb0d-ae40-d7aed79d439d",
                "vmFolderId": "group-v3",
                "vmFolderName": "vm",
                "vmHostname": "autolb.ehc1.lab-1",
                "vmId": "vm-242",
                "vmName": "autolb.ehc1.lab-1"
            }
        ],
        "deployAppliances": true
    },
    "autoConfiguration": {
        "enabled": true,
        "rulePriority": "high"
    },
    "cliSettings": {
        "passwordExpiry": "99999",
        "remoteAccess": true,
        "sshLoginBannerText": "\n***************************************************************************\nNOTICE TO USERS\n\n\nThis computer system is the private property of its owner, whether\nindividual, corporate or government.  It is for authorized use only.\nUsers (authorized or unauthorized) have no explicit or implicit\nexpectation of privacy.\n\nAny or all uses of this system and all files on this system may be\nintercepted, monitored, recorded, copied, audited, inspected, and\ndisclosed to your employer, to authorized site, government, and law\nenforcement personnel, as well as authorized officials of government\nagencies, both domestic and foreign.\n\nBy using this system, the user consents to such interception, monitoring,\nrecording, copying, auditing, inspection, and disclosure at the\ndiscretion of such personnel or officials.  Unauthorized or improper use\nof this system may result in civil and criminal penalties and\nadministrative or disciplinary action, as appropriate. By continuing to\nuse this system you indicate your awareness of and consent to these terms\nand conditions of use. LOG OFF IMMEDIATELY if you do not agree to the\nconditions stated in this warning.\n\n****************************************************************************",
        "userName": "admin"
    },
    "datacenterMoid": "datacenter-2",
    "datacenterName": "EHC1",
    "enableAesni": true,
    "enableFips": false,
    "featureConfigs": {
        "features": [
            {
                "enabled": false,
                "featureType": "l2vpn",
                "logging": {
                    "enable": true,
                    "logLevel": "notice"
                },
                "version": 4
            },
            {
                "featureType": "FeatureConfigDto"
            },
            {
                "defaultPolicy": {
                    "action": "accept",
                    "loggingEnabled": false
                },
                "enabled": true,
                "featureType": "firewall_4.0",
                "firewallRules": {
                    "firewallRules": [
                        {
                            "action": "accept",
                            "description": "firewall",
                            "enabled": true,
                            "loggingEnabled": false,
                            "name": "firewall",
                            "ruleId": 131078,
                            "ruleTag": 131078,
                            "ruleType": "internal_high",
                            "source": {
                                "exclude": false,
                                "groupingObjectId": [],
                                "ipAddress": [],
                                "vnicGroupId": [
                                    "vse"
                                ]
                            }
                        },
                        {
                            "action": "accept",
                            "description": "default rule for ingress traffic",
                            "enabled": true,
                            "loggingEnabled": false,
                            "name": "default rule for ingress traffic",
                            "ruleId": 131077,
                            "ruleTag": 131077,
                            "ruleType": "default_policy"
                        }
                    ]
                },
                "globalConfig": {
                    "dropInvalidTraffic": true,
                    "enableSynFloodProtection": false,
                    "icmp6Timeout": 10,
                    "icmpTimeout": 10,
                    "ipGenericTimeout": 120,
                    "logInvalidTraffic": false,
                    "tcpAllowOutOfWindowPackets": false,
                    "tcpPickOngoingConnections": false,
                    "tcpSendResetForClosedVsePorts": true,
                    "tcpTimeoutClose": 30,
                    "tcpTimeoutEstablished": 21600,
                    "tcpTimeoutOpen": 30,
                    "udpTimeout": 60
                },
                "version": 3
            },
            {
                "cacheSize": 16,
                "dnsViews": {
                    "dnsView": [
                        {
                            "enabled": true,
                            "name": "vsm-default-view",
                            "recursion": false,
                            "viewId": "view-0",
                            "viewMatch": {
                                "ipAddress": [
                                    "any"
                                ],
                                "ipSet": [],
                                "vnic": [
                                    "any"
                                ]
                            }
                        }
                    ]
                },
                "enabled": false,
                "featureType": "dns",
                "listeners": {
                    "type": "dhs_listener",
                    "vnic": [
                        "any"
                    ]
                },
                "logging": {
                    "enable": false,
                    "logLevel": "info"
                },
                "version": 4
            },
            {
                "advancedConfig": {
                    "clientNotification": "",
                    "enableCompression": false,
                    "enablePublicUrlAccess": false,
                    "forceVirtualKeyboard": false,
                    "preventMultipleLogon": false,
                    "randomizeVirtualkeys": false,
                    "timeout": {
                        "forcedTimeout": 0,
                        "sessionIdleTimeout": 10
                    }
                },
                "authenticationConfiguration": {
                    "passwordAuthentication": {
                        "authenticationTimeout": 1,
                        "primaryAuthServers": {},
                        "secondaryAuthServer": {}
                    }
                },
                "clientConfiguration": {
                    "autoReconnect": true,
                    "upgradeNotification": false
                },
                "enabled": false,
                "featureType": "sslvpn_4.0",
                "layoutConfigurationDto": {
                    "bodyColor": "FFFFFF",
                    "companyName": "VMware",
                    "logoBackgroundColor": "56A2D4",
                    "logoExtention": "jpg",
                    "logoUri": "/api/4.0/edges/edge-8/sslvpn/config/layout/images/portallogo",
                    "menuBarColor": "999999",
                    "portalTitle": "VMware",
                    "rowAlternativeColor": "FFFFFF",
                    "rowColor": "F5F5F5",
                    "titleColor": "996600",
                    "topFrameColor": "000000"
                },
                "logging": {
                    "enable": true,
                    "logLevel": "notice"
                },
                "version": 4
            },
            {
                "enabled": true,
                "featureType": "routing_4.0",
                "ospf": {
                    "defaultOriginate": false,
                    "enabled": false,
                    "gracefulRestart": true,
                    "ospfAreas": {
                        "ospfAreas": [
                            {
                                "areaId": 51,
                                "authentication": {
                                    "type": "none"
                                },
                                "type": "nssa"
                            },
                            {
                                "areaId": 0,
                                "authentication": {
                                    "type": "none"
                                },
                                "type": "normal"
                            }
                        ]
                    },
                    "ospfInterfaces": {
                        "ospfInterfaces": []
                    },
                    "redistribution": {
                        "enabled": false,
                        "rules": {
                            "rules": []
                        }
                    }
                },
                "routingGlobalConfig": {
                    "ecmp": false,
                    "logging": {
                        "enable": false,
                        "logLevel": "info"
                    }
                },
                "staticRouting": {
                    "defaultRoute": {
                        "adminDistance": 1,
                        "gatewayAddress": "172.21.0.1",
                        "mtu": 1500,
                        "vnic": "0"
                    },
                    "staticRoutes": {
                        "staticRoutes": []
                    }
                },
                "version": 4
            },
            {
                "declareDeadTime": 6,
                "enabled": true,
                "featureType": "highavailability_4.0",
                "logging": {
                    "enable": false,
                    "logLevel": "info"
                },
                "security": {
                    "enabled": false
                },
                "version": 4,
                "vnic": "any"
            },
            {
                "enabled": false,
                "featureType": "syslog",
                "protocol": "udp",
                "version": 3
            },
            {
                "featureType": "FeatureConfigDto"
            },
            {
                "accelerationEnabled": false,
                "applicationProfile": [
                    {
                        "applicationProfileId": "applicationProfile-1",
                        "insertXForwardedFor": false,
                        "name": "vRA-App-Profile",
                        "serverSslEnabled": false,
                        "sslPassthrough": true,
                        "template": "HTTPS"
                    },
                    {
                        "applicationProfileId": "applicationProfile-2",
                        "insertXForwardedFor": false,
                        "name": "vRADB-App-Profile",
                        "serverSslEnabled": false,
                        "sslPassthrough": true,
                        "template": "TCP"
                    },
                    {
                        "applicationProfileId": "applicationProfile-3",
                        "insertXForwardedFor": false,
                        "name": "vRAConsole-App-Profile",
                        "serverSslEnabled": false,
                        "sslPassthrough": true,
                        "template": "HTTPS"
                    },
                    {
                        "applicationProfileId": "applicationProfile-4",
                        "insertXForwardedFor": false,
                        "name": "vRA-VAMI-App-Profile",
                        "serverSslEnabled": false,
                        "sslPassthrough": true,
                        "template": "HTTPS"
                    },
                    {
                        "applicationProfileId": "applicationProfile-5",
                        "insertXForwardedFor": false,
                        "name": "vRAWeb-App-Profile",
                        "serverSslEnabled": false,
                        "sslPassthrough": true,
                        "template": "HTTPS"
                    },
                    {
                        "applicationProfileId": "applicationProfile-6",
                        "insertXForwardedFor": false,
                        "name": "vRAManager-App-Profile",
                        "serverSslEnabled": false,
                        "sslPassthrough": true,
                        "template": "HTTPS"
                    },
                    {
                        "applicationProfileId": "applicationProfile-7",
                        "insertXForwardedFor": false,
                        "name": "vRO-App-Profile",
                        "serverSslEnabled": false,
                        "sslPassthrough": true,
                        "template": "HTTPS"
                    }
                ],
                "applicationRule": [],
                "enableServiceInsertion": false,
                "enabled": true,
                "featureType": "loadbalancer_4.0",
                "logging": {
                    "enable": false,
                    "logLevel": "info"
                },
                "monitor": [
                    {
                        "interval": 5,
                        "maxRetries": 3,
                        "monitorId": "monitor-1",
                        "name": "default_tcp_monitor",
                        "timeout": 15,
                        "type": "tcp"
                    },
                    {
                        "interval": 5,
                        "maxRetries": 3,
                        "method": "GET",
                        "monitorId": "monitor-2",
                        "name": "default_http_monitor",
                        "timeout": 15,
                        "type": "http",
                        "url": "/"
                    },
                    {
                        "interval": 5,
                        "maxRetries": 3,
                        "method": "GET",
                        "monitorId": "monitor-3",
                        "name": "default_https_monitor",
                        "timeout": 15,
                        "type": "https",
                        "url": "/"
                    },
                    {
                        "expected": "200 OK",
                        "interval": 3,
                        "maxRetries": 3,
                        "method": "GET",
                        "monitorId": "monitor-4",
                        "name": "vRA-Monitor",
                        "timeout": 9,
                        "type": "https",
                        "url": "/vcac/services/api/status"
                    },
                    {
                        "expected": "200 OK",
                        "interval": 3,
                        "maxRetries": 3,
                        "method": "GET",
                        "monitorId": "monitor-5",
                        "name": "Web-Monitor",
                        "timeout": 9,
                        "type": "https",
                        "url": "/WAPI/api/status"
                    },
                    {
                        "expected": "200 OK",
                        "interval": 3,
                        "maxRetries": 3,
                        "method": "GET",
                        "monitorId": "monitor-6",
                        "name": "Manager-Monitor",
                        "timeout": 9,
                        "type": "https",
                        "url": "/VMPS2"
                    },
                    {
                        "expected": "200 OK",
                        "interval": 3,
                        "maxRetries": 3,
                        "method": "GET",
                        "monitorId": "monitor-7",
                        "name": "vRO-Monitor",
                        "timeout": 9,
                        "type": "https",
                        "url": "/vco/api/docs/index.html"
                    }
                ],
                "pool": [
                    {
                        "algorithm": "ip-hash",
                        "applicationRuleId": [],
                        "member": [
                            {
                                "condition": "enabled",
                                "ipAddress": "172.21.0.142",
                                "maxConn": 0,
                                "memberId": "member-11",
                                "minConn": 0,
                                "monitorPort": 443,
                                "name": "Manager01",
                                "port": 443,
                                "weight": 1
                            },
                            {
                                "condition": "disabled",
                                "ipAddress": "172.21.0.143",
                                "maxConn": 0,
                                "memberId": "member-12",
                                "minConn": 0,
                                "monitorPort": 443,
                                "name": "Manager02",
                                "port": 443,
                                "weight": 1
                            }
                        ],
                        "monitorId": [
                            "monitor-1"
                        ],
                        "name": "vRAManager-Pool",
                        "poolId": "pool-6",
                        "transparent": false
                    },
                    {
                        "algorithm": "ip-hash",
                        "applicationRuleId": [],
                        "member": [
                            {
                                "condition": "enabled",
                                "ipAddress": "172.21.0.105",
                                "maxConn": 0,
                                "memberId": "member-3",
                                "minConn": 0,
                                "monitorPort": 5480,
                                "name": "vRA01",
                                "port": 5432,
                                "weight": 1
                            },
                            {
                                "condition": "disabled",
                                "ipAddress": "172.21.0.106",
                                "maxConn": 0,
                                "memberId": "member-4",
                                "minConn": 0,
                                "monitorPort": 5480,
                                "name": "vRA02",
                                "port": 5432,
                                "weight": 1
                            }
                        ],
                        "monitorId": [
                            "monitor-1"
                        ],
                        "name": "vRA-DB-Pool",
                        "poolId": "pool-2",
                        "transparent": false
                    },
                    {
                        "algorithm": "ip-hash",
                        "applicationRuleId": [],
                        "member": [
                            {
                                "condition": "enabled",
                                "ipAddress": "172.21.0.105",
                                "maxConn": 0,
                                "memberId": "member-5",
                                "minConn": 0,
                                "monitorPort": 443,
                                "name": "vRA01",
                                "port": 8444,
                                "weight": 1
                            },
                            {
                                "condition": "disabled",
                                "ipAddress": "172.21.0.106",
                                "maxConn": 0,
                                "memberId": "member-6",
                                "minConn": 0,
                                "monitorPort": 443,
                                "name": "vRA02",
                                "port": 8444,
                                "weight": 1
                            }
                        ],
                        "monitorId": [
                            "monitor-1"
                        ],
                        "name": "vRA-Console-Pool",
                        "poolId": "pool-3",
                        "transparent": false
                    },
                    {
                        "algorithm": "ip-hash",
                        "applicationRuleId": [],
                        "member": [
                            {
                                "condition": "enabled",
                                "ipAddress": "172.21.0.105",
                                "maxConn": 0,
                                "memberId": "member-7",
                                "minConn": 0,
                                "monitorPort": 5480,
                                "name": "vRA01",
                                "port": 5480,
                                "weight": 1
                            },
                            {
                                "condition": "disabled",
                                "ipAddress": "172.21.0.106",
                                "maxConn": 0,
                                "memberId": "member-8",
                                "minConn": 0,
                                "monitorPort": 5480,
                                "name": "vRA02",
                                "port": 5480,
                                "weight": 1
                            }
                        ],
                        "monitorId": [
                            "monitor-1"
                        ],
                        "name": "vRA-VAMI-Pool",
                        "poolId": "pool-4",
                        "transparent": false
                    },
                    {
                        "algorithm": "ip-hash",
                        "applicationRuleId": [],
                        "member": [
                            {
                                "condition": "enabled",
                                "ipAddress": "172.21.0.112",
                                "maxConn": 0,
                                "memberId": "member-13",
                                "minConn": 0,
                                "monitorPort": 8281,
                                "name": "vRO1",
                                "port": 8281,
                                "weight": 1
                            },
                            {
                                "condition": "disabled",
                                "ipAddress": "172.21.0.144",
                                "maxConn": 0,
                                "memberId": "member-14",
                                "minConn": 0,
                                "monitorPort": 8281,
                                "name": "vRO2",
                                "port": 8281,
                                "weight": 1
                            }
                        ],
                        "monitorId": [
                            "monitor-1"
                        ],
                        "name": "vRO-8281-Pool",
                        "poolId": "pool-7",
                        "transparent": false
                    },
                    {
                        "algorithm": "ip-hash",
                        "applicationRuleId": [],
                        "member": [
                            {
                                "condition": "enabled",
                                "ipAddress": "172.21.0.112",
                                "maxConn": 0,
                                "memberId": "member-15",
                                "minConn": 0,
                                "monitorPort": 8286,
                                "name": "vRO1",
                                "port": 8286,
                                "weight": 1
                            },
                            {
                                "condition": "disabled",
                                "ipAddress": "172.21.0.144",
                                "maxConn": 0,
                                "memberId": "member-16",
                                "minConn": 0,
                                "monitorPort": 8286,
                                "name": "vRO2",
                                "port": 8286,
                                "weight": 1
                            }
                        ],
                        "monitorId": [
                            "monitor-1"
                        ],
                        "name": "vRO-8286-Pool",
                        "poolId": "pool-8",
                        "transparent": false
                    },
                    {
                        "algorithm": "ip-hash",
                        "applicationRuleId": [],
                        "member": [
                            {
                                "condition": "enabled",
                                "ipAddress": "172.21.0.112",
                                "maxConn": 0,
                                "memberId": "member-17",
                                "minConn": 0,
                                "monitorPort": 8287,
                                "name": "vRO1",
                                "port": 8287,
                                "weight": 1
                            },
                            {
                                "condition": "disabled",
                                "ipAddress": "172.21.0.144",
                                "maxConn": 0,
                                "memberId": "member-18",
                                "minConn": 0,
                                "monitorPort": 8287,
                                "name": "vRO2",
                                "port": 8287,
                                "weight": 1
                            }
                        ],
                        "monitorId": [
                            "monitor-1"
                        ],
                        "name": "vRO-8287-Pool",
                        "poolId": "pool-9",
                        "transparent": false
                    },
                    {
                        "algorithm": "ip-hash",
                        "applicationRuleId": [],
                        "member": [
                            {
                                "condition": "enabled",
                                "ipAddress": "172.21.0.105",
                                "maxConn": 0,
                                "memberId": "member-1",
                                "minConn": 0,
                                "monitorPort": 443,
                                "name": "vra01",
                                "port": 443,
                                "weight": 1
                            },
                            {
                                "condition": "disabled",
                                "ipAddress": "172.21.0.106",
                                "maxConn": 0,
                                "memberId": "member-2",
                                "minConn": 0,
                                "monitorPort": 443,
                                "name": "vra02",
                                "port": 443,
                                "weight": 1
                            }
                        ],
                        "monitorId": [
                            "monitor-1"
                        ],
                        "name": "vRA-Pool",
                        "poolId": "pool-1",
                        "transparent": false
                    },
                    {
                        "algorithm": "ip-hash",
                        "applicationRuleId": [],
                        "member": [
                            {
                                "condition": "enabled",
                                "ipAddress": "172.21.0.140",
                                "maxConn": 0,
                                "memberId": "member-9",
                                "minConn": 0,
                                "monitorPort": 443,
                                "name": "autoweb1",
                                "port": 443,
                                "weight": 1
                            },
                            {
                                "condition": "disabled",
                                "ipAddress": "172.21.0.141",
                                "maxConn": 0,
                                "memberId": "member-10",
                                "minConn": 0,
                                "monitorPort": 443,
                                "name": "autoweb2",
                                "port": 443,
                                "weight": 1
                            }
                        ],
                        "monitorId": [
                            "monitor-1"
                        ],
                        "name": "vRAWeb-Pool",
                        "poolId": "pool-5",
                        "transparent": false
                    }
                ],
                "version": 77,
                "virtualServer": [
                    {
                        "accelerationEnabled": true,
                        "applicationProfileId": "applicationProfile-1",
                        "applicationRuleId": [],
                        "connectionLimit": 0,
                        "connectionRateLimit": 0,
                        "defaultPoolId": "pool-1",
                        "enableServiceInsertion": false,
                        "enabled": true,
                        "ipAddress": "172.21.0.52",
                        "name": "vRA-VIP",
                        "port": "443",
                        "protocol": "https",
                        "virtualServerId": "virtualServer-1"
                    },
                    {
                        "accelerationEnabled": true,
                        "applicationProfileId": "applicationProfile-2",
                        "applicationRuleId": [],
                        "connectionLimit": 0,
                        "connectionRateLimit": 0,
                        "defaultPoolId": "pool-2",
                        "enableServiceInsertion": false,
                        "enabled": true,
                        "ipAddress": "172.21.0.52",
                        "name": "vRADB-VIP",
                        "port": "5432",
                        "protocol": "tcp",
                        "virtualServerId": "virtualServer-2"
                    },
                    {
                        "accelerationEnabled": true,
                        "applicationProfileId": "applicationProfile-3",
                        "applicationRuleId": [],
                        "connectionLimit": 0,
                        "connectionRateLimit": 0,
                        "defaultPoolId": "pool-3",
                        "enableServiceInsertion": false,
                        "enabled": true,
                        "ipAddress": "172.21.0.52",
                        "name": "vRAConsole-VIP",
                        "port": "8444",
                        "protocol": "https",
                        "virtualServerId": "virtualServer-3"
                    },
                    {
                        "accelerationEnabled": true,
                        "applicationProfileId": "applicationProfile-4",
                        "applicationRuleId": [],
                        "connectionLimit": 0,
                        "connectionRateLimit": 0,
                        "defaultPoolId": "pool-4",
                        "enableServiceInsertion": false,
                        "enabled": true,
                        "ipAddress": "172.21.0.52",
                        "name": "vRA-VAMI-VIP",
                        "port": "5480",
                        "protocol": "https",
                        "virtualServerId": "virtualServer-4"
                    },
                    {
                        "accelerationEnabled": true,
                        "applicationProfileId": "applicationProfile-5",
                        "applicationRuleId": [],
                        "connectionLimit": 0,
                        "connectionRateLimit": 0,
                        "defaultPoolId": "pool-5",
                        "enableServiceInsertion": false,
                        "enabled": true,
                        "ipAddress": "172.21.0.53",
                        "name": "vRAWeb-VIP",
                        "port": "443",
                        "protocol": "https",
                        "virtualServerId": "virtualServer-5"
                    },
                    {
                        "accelerationEnabled": true,
                        "applicationProfileId": "applicationProfile-6",
                        "applicationRuleId": [],
                        "connectionLimit": 0,
                        "connectionRateLimit": 0,
                        "defaultPoolId": "pool-6",
                        "enableServiceInsertion": false,
                        "enabled": true,
                        "ipAddress": "172.21.0.54",
                        "name": "vRAManager-VIP",
                        "port": "443",
                        "protocol": "https",
                        "virtualServerId": "virtualServer-6"
                    },
                    {
                        "accelerationEnabled": true,
                        "applicationProfileId": "applicationProfile-7",
                        "applicationRuleId": [],
                        "connectionLimit": 0,
                        "connectionRateLimit": 0,
                        "defaultPoolId": "pool-7",
                        "enableServiceInsertion": false,
                        "enabled": true,
                        "ipAddress": "172.21.0.55",
                        "name": "vRO8281-VIP",
                        "port": "8281",
                        "protocol": "https",
                        "virtualServerId": "virtualServer-7"
                    },
                    {
                        "accelerationEnabled": true,
                        "applicationProfileId": "applicationProfile-7",
                        "applicationRuleId": [],
                        "connectionLimit": 0,
                        "connectionRateLimit": 0,
                        "defaultPoolId": "pool-8",
                        "enableServiceInsertion": false,
                        "enabled": true,
                        "ipAddress": "172.21.0.55",
                        "name": "vRO8286-VIP",
                        "port": "8286",
                        "protocol": "https",
                        "virtualServerId": "virtualServer-8"
                    },
                    {
                        "accelerationEnabled": true,
                        "applicationProfileId": "applicationProfile-7",
                        "applicationRuleId": [],
                        "connectionLimit": 0,
                        "connectionRateLimit": 0,
                        "defaultPoolId": "pool-9",
                        "enableServiceInsertion": false,
                        "enabled": true,
                        "ipAddress": "172.21.0.55",
                        "name": "vRO8287-VIP",
                        "port": "8287",
                        "protocol": "https",
                        "virtualServerId": "virtualServer-9"
                    }
                ]
            },
            {
                "enabled": false,
                "featureType": "gslb",
                "logging": {
                    "enable": false,
                    "logLevel": "info"
                },
                "persistentCache": {
                    "maxSize": "20",
                    "ttl": "300"
                },
                "queryPort": "5666",
                "serviceTimeout": "6",
                "version": 3
            },
            {
                "enabled": false,
                "featureType": "ipsec_4.0",
                "global": {
                    "caCertificates": {
                        "caCertificate": []
                    },
                    "crlCertificates": {
                        "crlCertificate": []
                    },
                    "psk": "******"
                },
                "logging": {
                    "enable": true,
                    "logLevel": "warning"
                },
                "sites": {
                    "sites": []
                },
                "version": 3
            },
            {
                "enabled": false,
                "featureType": "dhcp_4.0",
                "ipPools": {
                    "ipPools": []
                },
                "logging": {
                    "enable": false,
                    "logLevel": "info"
                },
                "staticBindings": {
                    "staticBindings": []
                },
                "version": 4
            },
            {
                "bridges": [],
                "enabled": false,
                "featureType": "bridging",
                "version": 4
            },
            {
                "enabled": true,
                "featureType": "nat",
                "rules": {
                    "natRulesDtos": [
                        {
                            "action": "dnat",
                            "description": "loadBalancer",
                            "enabled": true,
                            "loggingEnabled": false,
                            "originalAddress": "172.21.0.55",
                            "originalPort": "8287",
                            "protocol": "tcp",
                            "ruleId": 196626,
                            "ruleTag": 196626,
                            "ruleType": "internal_high",
                            "translatedAddress": "172.21.0.55",
                            "translatedPort": "8287",
                            "vnic": "0"
                        },
                        {
                            "action": "dnat",
                            "description": "loadBalancer",
                            "enabled": true,
                            "loggingEnabled": false,
                            "originalAddress": "172.21.0.55",
                            "originalPort": "8286",
                            "protocol": "tcp",
                            "ruleId": 196625,
                            "ruleTag": 196625,
                            "ruleType": "internal_high",
                            "translatedAddress": "172.21.0.55",
                            "translatedPort": "8286",
                            "vnic": "0"
                        },
                        {
                            "action": "dnat",
                            "description": "loadBalancer",
                            "enabled": true,
                            "loggingEnabled": false,
                            "originalAddress": "172.21.0.55",
                            "originalPort": "8281",
                            "protocol": "tcp",
                            "ruleId": 196624,
                            "ruleTag": 196624,
                            "ruleType": "internal_high",
                            "translatedAddress": "172.21.0.55",
                            "translatedPort": "8281",
                            "vnic": "0"
                        },
                        {
                            "action": "dnat",
                            "description": "loadBalancer",
                            "enabled": true,
                            "loggingEnabled": false,
                            "originalAddress": "172.21.0.54",
                            "originalPort": "443",
                            "protocol": "tcp",
                            "ruleId": 196623,
                            "ruleTag": 196623,
                            "ruleType": "internal_high",
                            "translatedAddress": "172.21.0.54",
                            "translatedPort": "443",
                            "vnic": "0"
                        },
                        {
                            "action": "dnat",
                            "description": "loadBalancer",
                            "enabled": true,
                            "loggingEnabled": false,
                            "originalAddress": "172.21.0.53",
                            "originalPort": "443",
                            "protocol": "tcp",
                            "ruleId": 196622,
                            "ruleTag": 196622,
                            "ruleType": "internal_high",
                            "translatedAddress": "172.21.0.53",
                            "translatedPort": "443",
                            "vnic": "0"
                        },
                        {
                            "action": "dnat",
                            "description": "loadBalancer",
                            "enabled": true,
                            "loggingEnabled": false,
                            "originalAddress": "172.21.0.52",
                            "originalPort": "5480",
                            "protocol": "tcp",
                            "ruleId": 196621,
                            "ruleTag": 196621,
                            "ruleType": "internal_high",
                            "translatedAddress": "172.21.0.52",
                            "translatedPort": "5480",
                            "vnic": "0"
                        },
                        {
                            "action": "dnat",
                            "description": "loadBalancer",
                            "enabled": true,
                            "loggingEnabled": false,
                            "originalAddress": "172.21.0.52",
                            "originalPort": "8444",
                            "protocol": "tcp",
                            "ruleId": 196620,
                            "ruleTag": 196620,
                            "ruleType": "internal_high",
                            "translatedAddress": "172.21.0.52",
                            "translatedPort": "8444",
                            "vnic": "0"
                        },
                        {
                            "action": "dnat",
                            "description": "loadBalancer",
                            "enabled": true,
                            "loggingEnabled": false,
                            "originalAddress": "172.21.0.52",
                            "originalPort": "5432",
                            "protocol": "tcp",
                            "ruleId": 196619,
                            "ruleTag": 196619,
                            "ruleType": "internal_high",
                            "translatedAddress": "172.21.0.52",
                            "translatedPort": "5432",
                            "vnic": "0"
                        },
                        {
                            "action": "dnat",
                            "description": "loadBalancer",
                            "enabled": true,
                            "loggingEnabled": false,
                            "originalAddress": "172.21.0.52",
                            "originalPort": "443",
                            "protocol": "tcp",
                            "ruleId": 196618,
                            "ruleTag": 196618,
                            "ruleType": "internal_high",
                            "translatedAddress": "172.21.0.52",
                            "translatedPort": "443",
                            "vnic": "0"
                        }
                    ]
                },
                "version": 47
            },
            {
                "featureType": "FeatureConfigDto"
            }
        ]
    },
    "fqdn": "autolb.ehc1.lab",
    "hypervisorAssist": false,
    "id": "edge-8",
    "isUniversal": false,
    "name": "autolb.ehc1.lab",
    "queryDaemon": {
        "enabled": false,
        "port": "5666"
    },
    "status": "deployed",
    "tenant": "default",
    "type": "gatewayServices",
    "version": 78,
    "vnics": {
        "vnics": [
            {
                "addressGroups": {
                    "addressGroups": [
                        {
                            "primaryAddress": "172.21.0.51",
                            "secondaryAddresses": {
                                "ipAddress": [
                                    "172.21.0.52",
                                    "172.21.0.53",
                                    "172.21.0.54",
                                    "172.21.0.55"
                                ],
                                "type": "secondary_addresses"
                            },
                            "subnetMask": "255.255.255.0",
                            "subnetPrefixLength": "24"
                        }
                    ]
                },
                "enableProxyArp": false,
                "enableSendRedirects": false,
                "fenceParameters": [],
                "index": 0,
                "isConnected": true,
                "label": "vNic_0",
                "mtu": 1500,
                "name": "Uplink",
                "portgroupId": "universalwire-1",
                "portgroupName": "Automation_Logical_Switch",
                "type": "uplink"
            },
            {
                "addressGroups": {
                    "addressGroups": []
                },
                "enableProxyArp": false,
                "enableSendRedirects": true,
                "fenceParameters": [],
                "index": 1,
                "isConnected": false,
                "label": "vNic_1",
                "mtu": 1500,
                "name": "vnic1",
                "type": "internal"
            },
            {
                "addressGroups": {
                    "addressGroups": []
                },
                "enableProxyArp": false,
                "enableSendRedirects": true,
                "fenceParameters": [],
                "index": 2,
                "isConnected": false,
                "label": "vNic_2",
                "mtu": 1500,
                "name": "vnic2",
                "type": "internal"
            },
            {
                "addressGroups": {
                    "addressGroups": []
                },
                "enableProxyArp": false,
                "enableSendRedirects": true,
                "fenceParameters": [],
                "index": 3,
                "isConnected": false,
                "label": "vNic_3",
                "mtu": 1500,
                "name": "vnic3",
                "type": "internal"
            },
            {
                "addressGroups": {
                    "addressGroups": []
                },
                "enableProxyArp": false,
                "enableSendRedirects": true,
                "fenceParameters": [],
                "index": 4,
                "isConnected": false,
                "label": "vNic_4",
                "mtu": 1500,
                "name": "vnic4",
                "type": "internal"
            },
            {
                "addressGroups": {
                    "addressGroups": []
                },
                "enableProxyArp": false,
                "enableSendRedirects": true,
                "fenceParameters": [],
                "index": 5,
                "isConnected": false,
                "label": "vNic_5",
                "mtu": 1500,
                "name": "vnic5",
                "type": "internal"
            },
            {
                "addressGroups": {
                    "addressGroups": []
                },
                "enableProxyArp": false,
                "enableSendRedirects": true,
                "fenceParameters": [],
                "index": 6,
                "isConnected": false,
                "label": "vNic_6",
                "mtu": 1500,
                "name": "vnic6",
                "type": "internal"
            },
            {
                "addressGroups": {
                    "addressGroups": []
                },
                "enableProxyArp": false,
                "enableSendRedirects": true,
                "fenceParameters": [],
                "index": 7,
                "isConnected": false,
                "label": "vNic_7",
                "mtu": 1500,
                "name": "vnic7",
                "type": "internal"
            },
            {
                "addressGroups": {
                    "addressGroups": []
                },
                "enableProxyArp": false,
                "enableSendRedirects": true,
                "fenceParameters": [],
                "index": 8,
                "isConnected": false,
                "label": "vNic_8",
                "mtu": 1500,
                "name": "vnic8",
                "type": "internal"
            },
            {
                "addressGroups": {
                    "addressGroups": []
                },
                "enableProxyArp": false,
                "enableSendRedirects": true,
                "fenceParameters": [],
                "index": 9,
                "isConnected": false,
                "label": "vNic_9",
                "mtu": 1500,
                "name": "vnic9",
                "type": "internal"
            }
        ]
    },
    "vseLogLevel": "emergency"
}