{
    "appliances": {
        "applianceSize": "compact",
        "appliances": [
            {
                "configuredDataStore": {
                    "id": "datastore-26",
                    "isValid": true,
                    "name": "XIO-2"
                },
                "configuredResourcePool": {
                    "id": "resgroup-60",
                    "isValid": true,
                    "name": "NEI"
                },
                "cpuReservation": {
                    "reservation": 1000
                },
                "customFields": [],
                "datastoreId": "datastore-26",
                "datastoreName": "XIO-2",
                "deployed": true,
                "edgeId": "edge-1",
                "highAvailabilityIndex": 0,
                "hostId": "host-41",
                "hostName": "10.244.155.23",
                "memoryReservation": {
                    "reservation": 512
                },
                "resourcePoolId": "resgroup-60",
                "resourcePoolName": "NEI",
                "vcUuid": "503c9944-5290-799b-e48a-f7d3f55ea610",
                "vmFolderId": "group-v3",
                "vmFolderName": "vm",
                "vmHostname": "NSX-edge-1-0",
                "vmId": "vm-136",
                "vmName": "Tenant_DLR-0"
            }
        ],
        "deployAppliances": true
    },
    "autoConfiguration": {
        "enabled": true,
        "rulePriority": "high"
    },
    "cliSettings": {
        "passwordExpiry": "99999",
        "remoteAccess": true,
        "sshLoginBannerText": "\n***************************************************************************\nNOTICE TO USERS\n\n\nThis computer system is the private property of its owner, whether\nindividual, corporate or government.  It is for authorized use only.\nUsers (authorized or unauthorized) have no explicit or implicit\nexpectation of privacy.\n\nAny or all uses of this system and all files on this system may be\nintercepted, monitored, recorded, copied, audited, inspected, and\ndisclosed to your employer, to authorized site, government, and law\nenforcement personnel, as well as authorized officials of government\nagencies, both domestic and foreign.\n\nBy using this system, the user consents to such interception, monitoring,\nrecording, copying, auditing, inspection, and disclosure at the\ndiscretion of such personnel or officials.  Unauthorized or improper use\nof this system may result in civil and criminal penalties and\nadministrative or disciplinary action, as appropriate. By continuing to\nuse this system you indicate your awareness of and consent to these terms\nand conditions of use. LOG OFF IMMEDIATELY if you do not agree to the\nconditions stated in this warning.\n\n****************************************************************************",
        "userName": "admin"
    },
    "datacenterMoid": "datacenter-2",
    "datacenterName": "EHC1",
    "edgeAssistId": 5000,
    "enableAesni": false,
    "enableFips": false,
    "featureConfigs": {
        "features": [
            {
                "enabled": false,
                "featureType": "syslog",
                "version": 1
            },
            {
                "featureType": "FeatureConfigDto"
            },
            {
                "defaultPolicy": {
                    "action": "deny",
                    "loggingEnabled": false
                },
                "enabled": true,
                "featureType": "firewall_4.0",
                "firewallRules": {
                    "firewallRules": [
                        {
                            "action": "accept",
                            "description": "firewall",
                            "enabled": true,
                            "loggingEnabled": false,
                            "name": "firewall",
                            "ruleId": 131074,
                            "ruleTag": 131074,
                            "ruleType": "internal_high",
                            "source": {
                                "exclude": false,
                                "groupingObjectId": [],
                                "ipAddress": [],
                                "vnicGroupId": [
                                    "vse"
                                ]
                            }
                        },
                        {
                            "action": "accept",
                            "application": {
                                "applicationId": [],
                                "service": [
                                    {
                                        "port": [
                                            "179"
                                        ],
                                        "protocol": "tcp",
                                        "sourcePort": [
                                            "any"
                                        ]
                                    }
                                ]
                            },
                            "description": "routing",
                            "enabled": true,
                            "loggingEnabled": false,
                            "name": "routing",
                            "ruleId": 131075,
                            "ruleTag": 131075,
                            "ruleType": "internal_high"
                        },
                        {
                            "action": "deny",
                            "description": "default rule for ingress traffic",
                            "enabled": true,
                            "loggingEnabled": false,
                            "name": "default rule for ingress traffic",
                            "ruleId": 131073,
                            "ruleTag": 131073,
                            "ruleType": "default_policy"
                        }
                    ]
                },
                "globalConfig": {
                    "dropInvalidTraffic": true,
                    "enableSynFloodProtection": false,
                    "icmp6Timeout": 10,
                    "icmpTimeout": 10,
                    "ipGenericTimeout": 120,
                    "logInvalidTraffic": false,
                    "tcpAllowOutOfWindowPackets": false,
                    "tcpPickOngoingConnections": false,
                    "tcpSendResetForClosedVsePorts": true,
                    "tcpTimeoutClose": 30,
                    "tcpTimeoutEstablished": 21600,
                    "tcpTimeoutOpen": 30,
                    "udpTimeout": 60
                },
                "version": 9
            },
            {
                "bgp": {
                    "bgpNeighbours": {
                        "bgpNeighbours": [
                            {
                                "bgpFilters": {
                                    "bgpFilters": [
                                        {
                                            "action": "permit",
                                            "direction": "out",
                                            "network": "172.21.3.0/24"
                                        }
                                    ]
                                },
                                "forwardingAddress": "172.21.254.17",
                                "holdDownTimer": 3,
                                "ipAddress": "172.21.254.19",
                                "keepAliveTimer": 1,
                                "protocolAddress": "172.21.254.25",
                                "remoteAS": 65200,
                                "weight": 60
                            },
                            {
                                "bgpFilters": {
                                    "bgpFilters": [
                                        {
                                            "action": "permit",
                                            "direction": "out",
                                            "network": "172.21.3.0/24"
                                        }
                                    ]
                                },
                                "forwardingAddress": "172.21.254.17",
                                "holdDownTimer": 3,
                                "ipAddress": "172.21.254.18",
                                "keepAliveTimer": 1,
                                "protocolAddress": "172.21.254.25",
                                "remoteAS": 65200,
                                "weight": 60
                            }
                        ]
                    },
                    "defaultOriginate": false,
                    "enabled": true,
                    "gracefulRestart": true,
                    "localAS": 65200,
                    "redistribution": {
                        "enabled": true,
                        "rules": {
                            "rules": [
                                {
                                    "action": "permit",
                                    "from": {
                                        "bgp": false,
                                        "connected": true,
                                        "ospf": false,
                                        "static": false
                                    },
                                    "id": 0,
                                    "prefixName": "172.21.3.0"
                                }
                            ]
                        }
                    }
                },
                "enabled": true,
                "featureType": "routing_4.0",
                "ospf": {
                    "defaultOriginate": false,
                    "enabled": false,
                    "gracefulRestart": true,
                    "ospfAreas": {
                        "ospfAreas": [
                            {
                                "areaId": 51,
                                "authentication": {
                                    "type": "none"
                                },
                                "type": "nssa"
                            }
                        ]
                    },
                    "ospfInterfaces": {
                        "ospfInterfaces": []
                    },
                    "redistribution": {
                        "enabled": false,
                        "rules": {
                            "rules": []
                        }
                    }
                },
                "routingGlobalConfig": {
                    "ecmp": true,
                    "ipPrefixes": {
                        "ipPrefixes": [
                            {
                                "ipAddress": "172.21.3.0/24",
                                "name": "172.21.3.0"
                            }
                        ]
                    },
                    "logging": {
                        "enable": false,
                        "logLevel": "info"
                    },
                    "routerId": "172.21.254.17"
                },
                "staticRouting": {
                    "staticRoutes": {
                        "staticRoutes": []
                    }
                },
                "version": 12
            },
            {
                "enabled": false,
                "featureType": "dhcp_4.0",
                "ipPools": {
                    "ipPools": []
                },
                "logging": {
                    "enable": false,
                    "logLevel": "info"
                },
                "staticBindings": {
                    "staticBindings": []
                },
                "version": 3
            },
            {
                "bridges": [],
                "enabled": false,
                "featureType": "bridging",
                "version": 3
            },
            {
                "declareDeadTime": 6,
                "enabled": false,
                "featureType": "highavailability_4.0",
                "logging": {
                    "enable": false,
                    "logLevel": "info"
                },
                "security": {
                    "enabled": false
                },
                "version": 3
            }
        ]
    },
    "fqdn": "NSX-edge-1",
    "id": "edge-1",
    "interfaces": {
        "interfaces": [
            {
                "addressGroups": {
                    "addressGroups": [
                        {
                            "primaryAddress": "172.21.254.17",
                            "subnetMask": "255.255.255.240",
                            "subnetPrefixLength": "28"
                        }
                    ]
                },
                "connectedToId": "virtualwire-2",
                "connectedToName": "Tenant_Transit_Logical_Local",
                "index": "2",
                "isConnected": true,
                "isSharedNetwork": false,
                "label": "138800000002/vNic_2",
                "mtu": 1500,
                "name": "Uplink",
                "type": "uplink"
            },
            {
                "addressGroups": {
                    "addressGroups": [
                        {
                            "primaryAddress": "172.21.3.1",
                            "subnetMask": "255.255.255.0",
                            "subnetPrefixLength": "24"
                        }
                    ]
                },
                "connectedToId": "virtualwire-1",
                "connectedToName": "Tenant_Logical_Switch_Local",
                "index": "10",
                "isConnected": true,
                "isSharedNetwork": false,
                "label": "13880000000a",
                "mtu": 1500,
                "name": "Internal_Link",
                "type": "internal"
            }
        ]
    },
    "isUniversal": false,
    "lrouterUuid": "080666b5-e024-4531-8b95-ab7b6d7ccf55",
    "mgmtInterface": {
        "addressGroups": {
            "addressGroups": []
        },
        "connectedToId": "dvportgroup-97",
        "connectedToName": "DPortGroup_Core",
        "index": "0",
        "label": "vNic_0",
        "mtu": 1500,
        "name": "mgmtInterface"
    },
    "name": "Tenant_DLR",
    "queryDaemon": {
        "enabled": false,
        "port": "5666"
    },
    "status": "deployed",
    "tenant": "default",
    "type": "distributedRouter",
    "version": 13,
    "vseLogLevel": "emergency"
}